Plats;Nord-koordinat (WGS84);Ost-koordinat (WGS84)
Södertälje C pendeltågsstation;59.19239042501008;17.626410265251092
Gågatan Stora Torget;59.197323763661416;17.62645930179187
